{"cameraMode":{"drawMode":0,"name":"Shaded","section":"Shading Mode"},"sceneLighting":false,"audioPlay":false,"sceneViewState":{"showFog":true,"showMaterialUpdate":false,"showSkybox":true,"showFlares":true,"showImageEffects":true,"showParticleSystems":true},"in2DMode":false,"pivot":{"x":13.014451026916504,"y":-0.029999999329447748,"z":-0.10000038146972656},"rotation":{"x":0.0660419687628746,"y":0.9334631562232971,"z":-0.26438629627227785,"w":0.23320569097995759},"size":22.0,"orthographic":false}