{"cameraMode":{"drawMode":0,"name":"Shaded","section":"Shading Mode"},"sceneLighting":true,"audioPlay":false,"sceneViewState":{"showFog":true,"showMaterialUpdate":false,"showSkybox":true,"showFlares":true,"showImageEffects":true,"showParticleSystems":true},"in2DMode":false,"pivot":{"x":-2.5150861740112306,"y":-5.870696067810059,"z":0.5593271255493164},"rotation":{"x":-0.0958254337310791,"y":0.9019054174423218,"z":-0.26217588782310488,"w":-0.329617977142334},"size":29.420013427734376,"orthographic":false}