{"cameraMode":{"drawMode":0,"name":"Shaded","section":"Shading Mode"},"sceneLighting":false,"audioPlay":false,"sceneViewState":{"showFog":true,"showMaterialUpdate":false,"showSkybox":true,"showFlares":true,"showImageEffects":true,"showParticleSystems":true},"in2DMode":false,"pivot":{"x":13.014451026916504,"y":1.9681015014648438,"z":-0.10000038146972656},"rotation":{"x":0.066041961312294,"y":0.9334630966186523,"z":-0.26438626646995547,"w":0.2332056760787964},"size":10.173172950744629,"orthographic":false}