{"cameraMode":{"drawMode":0,"name":"Shaded","section":"Shading Mode"},"sceneLighting":false,"audioPlay":false,"sceneViewState":{"showFog":true,"showMaterialUpdate":false,"showSkybox":true,"showFlares":true,"showImageEffects":true,"showParticleSystems":true},"in2DMode":false,"pivot":{"x":-2.677774429321289,"y":1.9681015014648438,"z":0.05812549591064453},"rotation":{"x":0.27753159403800967,"y":0.3111266791820526,"z":-0.09552669525146485,"w":0.9039087891578674},"size":62.594486236572269,"orthographic":false}