{"cameraMode":{"drawMode":0,"name":"Shaded","section":"Shading Mode"},"sceneLighting":false,"audioPlay":false,"sceneViewState":{"showFog":true,"showMaterialUpdate":false,"showSkybox":true,"showFlares":true,"showImageEffects":true,"showParticleSystems":true},"in2DMode":false,"pivot":{"x":1.2599999904632569,"y":0.8600000143051148,"z":-12.0},"rotation":{"x":0.03061365708708763,"y":-0.7553156018257141,"z":0.653689444065094,"w":0.035373009741306308},"size":4.942138195037842,"orthographic":false}