{"cameraMode":{"drawMode":0,"name":"Shaded","section":"Shading Mode"},"sceneLighting":true,"audioPlay":false,"sceneViewState":{"showFog":true,"showMaterialUpdate":false,"showSkybox":true,"showFlares":true,"showImageEffects":true,"showParticleSystems":true},"in2DMode":false,"pivot":{"x":1.0388519763946534,"y":4.173691749572754,"z":-0.2019329071044922},"rotation":{"x":-0.29866546392440798,"y":-0.009452452883124352,"z":0.0029531007166951896,"w":-0.9543064832687378},"size":5.379792213439941,"orthographic":false}